[{"id":1084,"name":"Product 1084"},{"id":454,"name":"Product 454"},{"id":1410,"name":"Product 1410"},{"id":772,"name":"Product 772"},{"id":752,"name":"Product 752"},{"id":586,"name":"Product 586"},{"id":428,"name":"Product 428"},{"id":1328,"name":"Product 1328"},{"id":464,"name":"Product 464"},{"id":14,"name":"Product 14"},{"id":1040,"name":"Product 1040"},{"id":466,"name":"Product 466"},{"id":912,"name":"Product 912"},{"id":1338,"name":"Product 1338"},{"id":1494,"name":"Product 1494"},{"id":1336,"name":"Product 1336"},{"id":302,"name":"Product 302"},{"id":140,"name":"Product 140"},{"id":204,"name":"Product 204"},{"id":956,"name":"Product 956"},{"id":226,"name":"Product 226"},{"id":1430,"name":"Product 1430"},{"id":318,"name":"Product 318"},{"id":1466,"name":"Product 1466"},{"id":1128,"name":"Product 1128"},{"id":1414,"name":"Product 1414"},{"id":228,"name":"Product 228"},{"id":1416,"name":"Product 1416"},{"id":94,"name":"Product 94"},{"id":450,"name":"Product 450"},{"id":192,"name":"Product 192"},{"id":160,"name":"Product 160"},{"id":492,"name":"Product 492"},{"id":1148,"name":"Product 1148"},{"id":1168,"name":"Product 1168"},{"id":1596,"name":"Product 1596"},{"id":1304,"name":"Product 1304"},{"id":992,"name":"Product 992"},{"id":1282,"name":"Product 1282"},{"id":1500,"name":"Product 1500"},{"id":460,"name":"Product 460"},{"id":1390,"name":"Product 1390"},{"id":1404,"name":"Product 1404"},{"id":548,"name":"Product 548"},{"id":646,"name":"Product 646"},{"id":1630,"name":"Product 1630"},{"id":758,"name":"Product 758"},{"id":1550,"name":"Product 1550"},{"id":528,"name":"Product 528"},{"id":696,"name":"Product 696"},{"id":1182,"name":"Product 1182"},{"id":1632,"name":"Product 1632"},{"id":558,"name":"Product 558"},{"id":1150,"name":"Product 1150"},{"id":1308,"name":"Product 1308"},{"id":1386,"name":"Product 1386"},{"id":944,"name":"Product 944"},{"id":58,"name":"Product 58"},{"id":1280,"name":"Product 1280"},{"id":1310,"name":"Product 1310"},{"id":1202,"name":"Product 1202"},{"id":1046,"name":"Product 1046"},{"id":878,"name":"Product 878"},{"id":196,"name":"Product 196"},{"id":1158,"name":"Product 1158"},{"id":1104,"name":"Product 1104"},{"id":784,"name":"Product 784"},{"id":338,"name":"Product 338"},{"id":848,"name":"Product 848"},{"id":1176,"name":"Product 1176"},{"id":1144,"name":"Product 1144"},{"id":1670,"name":"Product 1670"},{"id":918,"name":"Product 918"},{"id":1098,"name":"Product 1098"},{"id":292,"name":"Product 292"},{"id":1190,"name":"Product 1190"},{"id":1592,"name":"Product 1592"},{"id":1296,"name":"Product 1296"},{"id":30,"name":"Product 30"},{"id":1262,"name":"Product 1262"},{"id":754,"name":"Product 754"},{"id":344,"name":"Product 344"},{"id":266,"name":"Product 266"},{"id":834,"name":"Product 834"},{"id":1320,"name":"Product 1320"},{"id":1344,"name":"Product 1344"},{"id":664,"name":"Product 664"},{"id":252,"name":"Product 252"},{"id":1020,"name":"Product 1020"},{"id":988,"name":"Product 988"},{"id":688,"name":"Product 688"},{"id":968,"name":"Product 968"},{"id":506,"name":"Product 506"},{"id":592,"name":"Product 592"},{"id":1468,"name":"Product 1468"},{"id":1678,"name":"Product 1678"},{"id":836,"name":"Product 836"},{"id":470,"name":"Product 470"},{"id":326,"name":"Product 326"},{"id":1556,"name":"Product 1556"},{"id":1656,"name":"Product 1656"},{"id":740,"name":"Product 740"},{"id":208,"name":"Product 208"},{"id":436,"name":"Product 436"},{"id":1186,"name":"Product 1186"},{"id":1398,"name":"Product 1398"},{"id":1142,"name":"Product 1142"},{"id":804,"name":"Product 804"},{"id":1172,"name":"Product 1172"},{"id":174,"name":"Product 174"},{"id":1424,"name":"Product 1424"},{"id":1044,"name":"Product 1044"},{"id":1674,"name":"Product 1674"},{"id":734,"name":"Product 734"},{"id":536,"name":"Product 536"},{"id":1076,"name":"Product 1076"},{"id":1100,"name":"Product 1100"},{"id":34,"name":"Product 34"},{"id":4,"name":"Product 4"},{"id":1518,"name":"Product 1518"},{"id":150,"name":"Product 150"},{"id":1300,"name":"Product 1300"},{"id":1042,"name":"Product 1042"},{"id":672,"name":"Product 672"},{"id":1540,"name":"Product 1540"},{"id":682,"name":"Product 682"},{"id":1566,"name":"Product 1566"},{"id":368,"name":"Product 368"},{"id":796,"name":"Product 796"},{"id":1682,"name":"Product 1682"},{"id":1454,"name":"Product 1454"},{"id":1680,"name":"Product 1680"},{"id":152,"name":"Product 152"},{"id":236,"name":"Product 236"},{"id":74,"name":"Product 74"},{"id":316,"name":"Product 316"},{"id":1226,"name":"Product 1226"},{"id":406,"name":"Product 406"},{"id":1602,"name":"Product 1602"},{"id":400,"name":"Product 400"},{"id":612,"name":"Product 612"},{"id":888,"name":"Product 888"},{"id":874,"name":"Product 874"},{"id":588,"name":"Product 588"},{"id":764,"name":"Product 764"},{"id":334,"name":"Product 334"},{"id":162,"name":"Product 162"},{"id":1106,"name":"Product 1106"},{"id":224,"name":"Product 224"},{"id":1200,"name":"Product 1200"},{"id":1470,"name":"Product 1470"},{"id":120,"name":"Product 120"},{"id":1218,"name":"Product 1218"},{"id":1356,"name":"Product 1356"},{"id":994,"name":"Product 994"},{"id":890,"name":"Product 890"},{"id":166,"name":"Product 166"},{"id":46,"name":"Product 46"},{"id":1538,"name":"Product 1538"},{"id":572,"name":"Product 572"},{"id":1014,"name":"Product 1014"},{"id":1548,"name":"Product 1548"},{"id":1472,"name":"Product 1472"},{"id":304,"name":"Product 304"},{"id":1624,"name":"Product 1624"},{"id":1102,"name":"Product 1102"},{"id":1228,"name":"Product 1228"},{"id":498,"name":"Product 498"},{"id":496,"name":"Product 496"},{"id":662,"name":"Product 662"},{"id":1502,"name":"Product 1502"},{"id":114,"name":"Product 114"},{"id":1498,"name":"Product 1498"},{"id":282,"name":"Product 282"},{"id":1132,"name":"Product 1132"},{"id":360,"name":"Product 360"},{"id":312,"name":"Product 312"},{"id":1532,"name":"Product 1532"},{"id":52,"name":"Product 52"},{"id":306,"name":"Product 306"},{"id":936,"name":"Product 936"},{"id":298,"name":"Product 298"},{"id":156,"name":"Product 156"},{"id":158,"name":"Product 158"},{"id":750,"name":"Product 750"},{"id":1608,"name":"Product 1608"},{"id":720,"name":"Product 720"},{"id":456,"name":"Product 456"},{"id":702,"name":"Product 702"},{"id":1086,"name":"Product 1086"},{"id":686,"name":"Product 686"},{"id":770,"name":"Product 770"},{"id":1136,"name":"Product 1136"},{"id":64,"name":"Product 64"},{"id":1492,"name":"Product 1492"},{"id":1488,"name":"Product 1488"},{"id":362,"name":"Product 362"},{"id":862,"name":"Product 862"},{"id":1066,"name":"Product 1066"},{"id":290,"name":"Product 290"},{"id":432,"name":"Product 432"},{"id":508,"name":"Product 508"},{"id":640,"name":"Product 640"},{"id":1354,"name":"Product 1354"},{"id":818,"name":"Product 818"},{"id":1290,"name":"Product 1290"},{"id":714,"name":"Product 714"},{"id":1516,"name":"Product 1516"},{"id":966,"name":"Product 966"},{"id":694,"name":"Product 694"},{"id":280,"name":"Product 280"},{"id":922,"name":"Product 922"},{"id":1126,"name":"Product 1126"},{"id":1050,"name":"Product 1050"},{"id":116,"name":"Product 116"},{"id":1004,"name":"Product 1004"},{"id":1170,"name":"Product 1170"},{"id":446,"name":"Product 446"},{"id":1366,"name":"Product 1366"},{"id":42,"name":"Product 42"},{"id":102,"name":"Product 102"},{"id":1620,"name":"Product 1620"},{"id":542,"name":"Product 542"},{"id":488,"name":"Product 488"},{"id":1248,"name":"Product 1248"},{"id":534,"name":"Product 534"},{"id":656,"name":"Product 656"},{"id":348,"name":"Product 348"},{"id":1002,"name":"Product 1002"},{"id":574,"name":"Product 574"},{"id":692,"name":"Product 692"},{"id":930,"name":"Product 930"},{"id":744,"name":"Product 744"},{"id":66,"name":"Product 66"},{"id":906,"name":"Product 906"},{"id":1496,"name":"Product 1496"},{"id":138,"name":"Product 138"},{"id":952,"name":"Product 952"},{"id":480,"name":"Product 480"},{"id":530,"name":"Product 530"},{"id":1528,"name":"Product 1528"},{"id":1268,"name":"Product 1268"},{"id":1418,"name":"Product 1418"},{"id":1606,"name":"Product 1606"},{"id":1318,"name":"Product 1318"},{"id":212,"name":"Product 212"},{"id":288,"name":"Product 288"},{"id":1220,"name":"Product 1220"},{"id":1352,"name":"Product 1352"},{"id":1242,"name":"Product 1242"},{"id":1438,"name":"Product 1438"},{"id":330,"name":"Product 330"},{"id":100,"name":"Product 100"},{"id":482,"name":"Product 482"},{"id":332,"name":"Product 332"},{"id":676,"name":"Product 676"},{"id":1092,"name":"Product 1092"},{"id":1222,"name":"Product 1222"},{"id":300,"name":"Product 300"},{"id":742,"name":"Product 742"},{"id":850,"name":"Product 850"},{"id":194,"name":"Product 194"},{"id":812,"name":"Product 812"},{"id":1070,"name":"Product 1070"},{"id":1408,"name":"Product 1408"},{"id":1294,"name":"Product 1294"},{"id":532,"name":"Product 532"},{"id":1600,"name":"Product 1600"},{"id":118,"name":"Product 118"},{"id":1130,"name":"Product 1130"},{"id":846,"name":"Product 846"},{"id":858,"name":"Product 858"},{"id":1196,"name":"Product 1196"},{"id":658,"name":"Product 658"},{"id":738,"name":"Product 738"},{"id":722,"name":"Product 722"},{"id":1216,"name":"Product 1216"},{"id":630,"name":"Product 630"},{"id":1270,"name":"Product 1270"},{"id":1622,"name":"Product 1622"},{"id":1012,"name":"Product 1012"},{"id":556,"name":"Product 556"},{"id":476,"name":"Product 476"},{"id":950,"name":"Product 950"},{"id":28,"name":"Product 28"},{"id":958,"name":"Product 958"},{"id":1590,"name":"Product 1590"},{"id":894,"name":"Product 894"},{"id":354,"name":"Product 354"},{"id":110,"name":"Product 110"},{"id":106,"name":"Product 106"},{"id":322,"name":"Product 322"},{"id":896,"name":"Product 896"},{"id":1400,"name":"Product 1400"},{"id":1078,"name":"Product 1078"},{"id":1638,"name":"Product 1638"},{"id":218,"name":"Product 218"},{"id":274,"name":"Product 274"},{"id":824,"name":"Product 824"},{"id":1232,"name":"Product 1232"},{"id":760,"name":"Product 760"},{"id":56,"name":"Product 56"},{"id":920,"name":"Product 920"},{"id":1484,"name":"Product 1484"},{"id":566,"name":"Product 566"},{"id":708,"name":"Product 708"},{"id":1252,"name":"Product 1252"},{"id":182,"name":"Product 182"},{"id":1116,"name":"Product 1116"},{"id":1288,"name":"Product 1288"},{"id":1660,"name":"Product 1660"},{"id":1642,"name":"Product 1642"},{"id":1024,"name":"Product 1024"},{"id":1326,"name":"Product 1326"},{"id":1578,"name":"Product 1578"},{"id":768,"name":"Product 768"},{"id":1562,"name":"Product 1562"},{"id":1370,"name":"Product 1370"},{"id":44,"name":"Product 44"},{"id":88,"name":"Product 88"},{"id":618,"name":"Product 618"},{"id":670,"name":"Product 670"},{"id":440,"name":"Product 440"},{"id":876,"name":"Product 876"},{"id":526,"name":"Product 526"},{"id":502,"name":"Product 502"},{"id":1576,"name":"Product 1576"},{"id":1478,"name":"Product 1478"},{"id":856,"name":"Product 856"},{"id":1662,"name":"Product 1662"},{"id":1074,"name":"Product 1074"},{"id":622,"name":"Product 622"},{"id":80,"name":"Product 80"},{"id":1048,"name":"Product 1048"},{"id":1448,"name":"Product 1448"},{"id":1436,"name":"Product 1436"},{"id":352,"name":"Product 352"},{"id":1056,"name":"Product 1056"},{"id":396,"name":"Product 396"},{"id":270,"name":"Product 270"},{"id":1626,"name":"Product 1626"},{"id":1112,"name":"Product 1112"},{"id":998,"name":"Product 998"},{"id":552,"name":"Product 552"},{"id":90,"name":"Product 90"},{"id":238,"name":"Product 238"},{"id":18,"name":"Product 18"},{"id":20,"name":"Product 20"},{"id":342,"name":"Product 342"},{"id":418,"name":"Product 418"},{"id":268,"name":"Product 268"},{"id":864,"name":"Product 864"},{"id":1114,"name":"Product 1114"},{"id":1214,"name":"Product 1214"},{"id":1618,"name":"Product 1618"},{"id":1580,"name":"Product 1580"},{"id":1542,"name":"Product 1542"},{"id":504,"name":"Product 504"},{"id":614,"name":"Product 614"},{"id":424,"name":"Product 424"},{"id":200,"name":"Product 200"},{"id":370,"name":"Product 370"},{"id":1440,"name":"Product 1440"},{"id":142,"name":"Product 142"},{"id":538,"name":"Product 538"},{"id":220,"name":"Product 220"},{"id":62,"name":"Product 62"},{"id":1640,"name":"Product 1640"},{"id":972,"name":"Product 972"},{"id":1456,"name":"Product 1456"},{"id":250,"name":"Product 250"},{"id":444,"name":"Product 444"},{"id":710,"name":"Product 710"},{"id":1240,"name":"Product 1240"},{"id":690,"name":"Product 690"},{"id":620,"name":"Product 620"},{"id":780,"name":"Product 780"},{"id":86,"name":"Product 86"},{"id":60,"name":"Product 60"},{"id":1450,"name":"Product 1450"},{"id":308,"name":"Product 308"},{"id":1462,"name":"Product 1462"},{"id":6,"name":"Product 6"},{"id":2,"name":"Product 2"},{"id":1234,"name":"Product 1234"},{"id":398,"name":"Product 398"},{"id":554,"name":"Product 554"},{"id":1138,"name":"Product 1138"},{"id":1054,"name":"Product 1054"},{"id":1278,"name":"Product 1278"},{"id":946,"name":"Product 946"},{"id":638,"name":"Product 638"},{"id":426,"name":"Product 426"},{"id":262,"name":"Product 262"},{"id":36,"name":"Product 36"},{"id":1206,"name":"Product 1206"},{"id":1512,"name":"Product 1512"},{"id":1038,"name":"Product 1038"},{"id":1554,"name":"Product 1554"},{"id":748,"name":"Product 748"},{"id":358,"name":"Product 358"},{"id":746,"name":"Product 746"},{"id":978,"name":"Product 978"},{"id":924,"name":"Product 924"},{"id":242,"name":"Product 242"},{"id":938,"name":"Product 938"},{"id":716,"name":"Product 716"},{"id":1464,"name":"Product 1464"},{"id":1616,"name":"Product 1616"},{"id":1322,"name":"Product 1322"},{"id":108,"name":"Product 108"},{"id":1256,"name":"Product 1256"},{"id":148,"name":"Product 148"},{"id":540,"name":"Product 540"},{"id":1384,"name":"Product 1384"},{"id":870,"name":"Product 870"},{"id":940,"name":"Product 940"},{"id":486,"name":"Product 486"},{"id":410,"name":"Product 410"},{"id":1236,"name":"Product 1236"},{"id":1524,"name":"Product 1524"},{"id":48,"name":"Product 48"},{"id":128,"name":"Product 128"},{"id":1482,"name":"Product 1482"},{"id":1088,"name":"Product 1088"},{"id":560,"name":"Product 560"},{"id":210,"name":"Product 210"},{"id":700,"name":"Product 700"},{"id":642,"name":"Product 642"},{"id":468,"name":"Product 468"},{"id":1530,"name":"Product 1530"},{"id":1312,"name":"Product 1312"},{"id":448,"name":"Product 448"},{"id":392,"name":"Product 392"},{"id":1230,"name":"Product 1230"},{"id":960,"name":"Product 960"},{"id":478,"name":"Product 478"},{"id":776,"name":"Product 776"},{"id":580,"name":"Product 580"},{"id":932,"name":"Product 932"},{"id":68,"name":"Product 68"},{"id":778,"name":"Product 778"},{"id":386,"name":"Product 386"},{"id":1426,"name":"Product 1426"},{"id":1260,"name":"Product 1260"},{"id":324,"name":"Product 324"},{"id":180,"name":"Product 180"},{"id":1080,"name":"Product 1080"},{"id":320,"name":"Product 320"},{"id":1330,"name":"Product 1330"},{"id":1350,"name":"Product 1350"},{"id":408,"name":"Product 408"},{"id":986,"name":"Product 986"},{"id":1036,"name":"Product 1036"},{"id":996,"name":"Product 996"},{"id":346,"name":"Product 346"},{"id":24,"name":"Product 24"},{"id":520,"name":"Product 520"},{"id":146,"name":"Product 146"},{"id":514,"name":"Product 514"},{"id":390,"name":"Product 390"},{"id":934,"name":"Product 934"},{"id":1060,"name":"Product 1060"},{"id":1570,"name":"Product 1570"},{"id":12,"name":"Product 12"},{"id":576,"name":"Product 576"},{"id":1162,"name":"Product 1162"},{"id":810,"name":"Product 810"},{"id":628,"name":"Product 628"},{"id":712,"name":"Product 712"},{"id":1658,"name":"Product 1658"},{"id":452,"name":"Product 452"},{"id":1246,"name":"Product 1246"},{"id":512,"name":"Product 512"},{"id":954,"name":"Product 954"},{"id":1480,"name":"Product 1480"},{"id":420,"name":"Product 420"},{"id":366,"name":"Product 366"},{"id":22,"name":"Product 22"},{"id":350,"name":"Product 350"},{"id":808,"name":"Product 808"},{"id":1058,"name":"Product 1058"},{"id":1096,"name":"Product 1096"},{"id":842,"name":"Product 842"},{"id":626,"name":"Product 626"},{"id":40,"name":"Product 40"},{"id":1654,"name":"Product 1654"},{"id":434,"name":"Product 434"},{"id":590,"name":"Product 590"},{"id":136,"name":"Product 136"},{"id":1250,"name":"Product 1250"},{"id":1062,"name":"Product 1062"},{"id":1068,"name":"Product 1068"},{"id":636,"name":"Product 636"},{"id":698,"name":"Product 698"},{"id":96,"name":"Product 96"},{"id":1486,"name":"Product 1486"},{"id":524,"name":"Product 524"},{"id":962,"name":"Product 962"},{"id":1010,"name":"Product 1010"},{"id":1316,"name":"Product 1316"},{"id":216,"name":"Product 216"},{"id":1006,"name":"Product 1006"},{"id":98,"name":"Product 98"},{"id":1636,"name":"Product 1636"},{"id":884,"name":"Product 884"},{"id":1402,"name":"Product 1402"},{"id":246,"name":"Product 246"},{"id":814,"name":"Product 814"},{"id":92,"name":"Product 92"},{"id":1406,"name":"Product 1406"},{"id":72,"name":"Product 72"},{"id":1324,"name":"Product 1324"},{"id":1664,"name":"Product 1664"},{"id":1198,"name":"Product 1198"},{"id":1120,"name":"Product 1120"},{"id":736,"name":"Product 736"},{"id":78,"name":"Product 78"},{"id":144,"name":"Product 144"},{"id":652,"name":"Product 652"},{"id":854,"name":"Product 854"},{"id":494,"name":"Product 494"},{"id":84,"name":"Product 84"},{"id":122,"name":"Product 122"},{"id":404,"name":"Product 404"},{"id":782,"name":"Product 782"},{"id":76,"name":"Product 76"},{"id":1192,"name":"Product 1192"},{"id":1264,"name":"Product 1264"},{"id":310,"name":"Product 310"},{"id":430,"name":"Product 430"},{"id":774,"name":"Product 774"},{"id":902,"name":"Product 902"},{"id":1030,"name":"Product 1030"},{"id":1428,"name":"Product 1428"},{"id":124,"name":"Product 124"},{"id":164,"name":"Product 164"},{"id":794,"name":"Product 794"},{"id":438,"name":"Product 438"},{"id":1340,"name":"Product 1340"},{"id":1368,"name":"Product 1368"},{"id":984,"name":"Product 984"},{"id":948,"name":"Product 948"},{"id":1420,"name":"Product 1420"},{"id":1374,"name":"Product 1374"},{"id":8,"name":"Product 8"},{"id":1574,"name":"Product 1574"},{"id":372,"name":"Product 372"},{"id":1210,"name":"Product 1210"},{"id":820,"name":"Product 820"},{"id":786,"name":"Product 786"},{"id":1124,"name":"Product 1124"},{"id":602,"name":"Product 602"},{"id":1146,"name":"Product 1146"},{"id":474,"name":"Product 474"},{"id":600,"name":"Product 600"},{"id":1178,"name":"Product 1178"},{"id":892,"name":"Product 892"},{"id":650,"name":"Product 650"},{"id":1022,"name":"Product 1022"},{"id":910,"name":"Product 910"},{"id":798,"name":"Product 798"},{"id":1564,"name":"Product 1564"},{"id":730,"name":"Product 730"},{"id":402,"name":"Product 402"},{"id":256,"name":"Product 256"},{"id":462,"name":"Product 462"},{"id":1266,"name":"Product 1266"},{"id":1174,"name":"Product 1174"},{"id":726,"name":"Product 726"},{"id":1032,"name":"Product 1032"},{"id":1298,"name":"Product 1298"},{"id":1452,"name":"Product 1452"},{"id":1598,"name":"Product 1598"},{"id":1258,"name":"Product 1258"},{"id":616,"name":"Product 616"},{"id":1346,"name":"Product 1346"},{"id":608,"name":"Product 608"},{"id":606,"name":"Product 606"},{"id":1184,"name":"Product 1184"},{"id":172,"name":"Product 172"},{"id":916,"name":"Product 916"},{"id":678,"name":"Product 678"},{"id":190,"name":"Product 190"},{"id":284,"name":"Product 284"},{"id":872,"name":"Product 872"},{"id":914,"name":"Product 914"},{"id":378,"name":"Product 378"},{"id":674,"name":"Product 674"},{"id":1396,"name":"Product 1396"},{"id":1306,"name":"Product 1306"},{"id":1672,"name":"Product 1672"},{"id":1154,"name":"Product 1154"},{"id":516,"name":"Product 516"},{"id":176,"name":"Product 176"},{"id":840,"name":"Product 840"},{"id":26,"name":"Product 26"},{"id":830,"name":"Product 830"},{"id":1534,"name":"Product 1534"},{"id":1362,"name":"Product 1362"},{"id":16,"name":"Product 16"},{"id":54,"name":"Product 54"},{"id":286,"name":"Product 286"},{"id":376,"name":"Product 376"},{"id":294,"name":"Product 294"},{"id":928,"name":"Product 928"},{"id":188,"name":"Product 188"},{"id":380,"name":"Product 380"},{"id":132,"name":"Product 132"},{"id":634,"name":"Product 634"},{"id":1052,"name":"Product 1052"},{"id":70,"name":"Product 70"},{"id":364,"name":"Product 364"},{"id":1152,"name":"Product 1152"},{"id":500,"name":"Product 500"},{"id":660,"name":"Product 660"},{"id":10,"name":"Product 10"},{"id":562,"name":"Product 562"},{"id":1342,"name":"Product 1342"},{"id":1378,"name":"Product 1378"},{"id":232,"name":"Product 232"},{"id":240,"name":"Product 240"},{"id":260,"name":"Product 260"},{"id":490,"name":"Product 490"},{"id":844,"name":"Product 844"},{"id":1286,"name":"Product 1286"},{"id":258,"name":"Product 258"},{"id":314,"name":"Product 314"},{"id":900,"name":"Product 900"},{"id":598,"name":"Product 598"},{"id":826,"name":"Product 826"},{"id":550,"name":"Product 550"},{"id":484,"name":"Product 484"},{"id":234,"name":"Product 234"},{"id":356,"name":"Product 356"},{"id":1392,"name":"Product 1392"},{"id":1560,"name":"Product 1560"},{"id":762,"name":"Product 762"},{"id":340,"name":"Product 340"},{"id":1166,"name":"Product 1166"},{"id":130,"name":"Product 130"},{"id":860,"name":"Product 860"},{"id":582,"name":"Product 582"},{"id":1546,"name":"Product 1546"},{"id":1434,"name":"Product 1434"},{"id":1314,"name":"Product 1314"},{"id":904,"name":"Product 904"},{"id":170,"name":"Product 170"},{"id":1666,"name":"Product 1666"},{"id":1008,"name":"Product 1008"},{"id":518,"name":"Product 518"},{"id":732,"name":"Product 732"},{"id":990,"name":"Product 990"},{"id":1358,"name":"Product 1358"},{"id":1652,"name":"Product 1652"},{"id":828,"name":"Product 828"},{"id":926,"name":"Product 926"},{"id":624,"name":"Product 624"},{"id":1364,"name":"Product 1364"},{"id":1552,"name":"Product 1552"},{"id":964,"name":"Product 964"},{"id":1446,"name":"Product 1446"},{"id":38,"name":"Product 38"},{"id":728,"name":"Product 728"},{"id":1644,"name":"Product 1644"},{"id":644,"name":"Product 644"},{"id":112,"name":"Product 112"},{"id":1284,"name":"Product 1284"},{"id":1612,"name":"Product 1612"},{"id":1514,"name":"Product 1514"},{"id":1274,"name":"Product 1274"},{"id":184,"name":"Product 184"},{"id":1412,"name":"Product 1412"},{"id":632,"name":"Product 632"},{"id":1476,"name":"Product 1476"},{"id":1028,"name":"Product 1028"},{"id":974,"name":"Product 974"},{"id":1668,"name":"Product 1668"},{"id":544,"name":"Product 544"},{"id":886,"name":"Product 886"},{"id":1614,"name":"Product 1614"},{"id":1422,"name":"Product 1422"},{"id":126,"name":"Product 126"},{"id":1348,"name":"Product 1348"},{"id":1442,"name":"Product 1442"},{"id":832,"name":"Product 832"},{"id":186,"name":"Product 186"},{"id":1254,"name":"Product 1254"},{"id":1594,"name":"Product 1594"},{"id":198,"name":"Product 198"},{"id":1272,"name":"Product 1272"},{"id":1224,"name":"Product 1224"},{"id":168,"name":"Product 168"},{"id":898,"name":"Product 898"},{"id":388,"name":"Product 388"},{"id":254,"name":"Product 254"},{"id":296,"name":"Product 296"},{"id":1520,"name":"Product 1520"},{"id":1026,"name":"Product 1026"},{"id":1016,"name":"Product 1016"},{"id":1510,"name":"Product 1510"},{"id":1676,"name":"Product 1676"},{"id":822,"name":"Product 822"},{"id":82,"name":"Product 82"},{"id":766,"name":"Product 766"},{"id":866,"name":"Product 866"},{"id":222,"name":"Product 222"},{"id":1394,"name":"Product 1394"},{"id":1156,"name":"Product 1156"},{"id":336,"name":"Product 336"},{"id":214,"name":"Product 214"},{"id":1474,"name":"Product 1474"},{"id":1332,"name":"Product 1332"},{"id":1558,"name":"Product 1558"},{"id":472,"name":"Product 472"},{"id":654,"name":"Product 654"},{"id":414,"name":"Product 414"},{"id":546,"name":"Product 546"},{"id":248,"name":"Product 248"},{"id":852,"name":"Product 852"},{"id":1382,"name":"Product 1382"},{"id":1526,"name":"Product 1526"},{"id":1650,"name":"Product 1650"},{"id":1064,"name":"Product 1064"},{"id":942,"name":"Product 942"},{"id":178,"name":"Product 178"},{"id":1504,"name":"Product 1504"},{"id":1276,"name":"Product 1276"},{"id":1372,"name":"Product 1372"},{"id":704,"name":"Product 704"},{"id":756,"name":"Product 756"},{"id":1572,"name":"Product 1572"},{"id":1508,"name":"Product 1508"},{"id":1090,"name":"Product 1090"},{"id":1634,"name":"Product 1634"},{"id":1646,"name":"Product 1646"},{"id":1522,"name":"Product 1522"},{"id":394,"name":"Product 394"},{"id":1122,"name":"Product 1122"},{"id":32,"name":"Product 32"},{"id":1238,"name":"Product 1238"},{"id":1244,"name":"Product 1244"},{"id":882,"name":"Product 882"},{"id":206,"name":"Product 206"},{"id":1582,"name":"Product 1582"},{"id":382,"name":"Product 382"},{"id":806,"name":"Product 806"},{"id":1072,"name":"Product 1072"},{"id":1164,"name":"Product 1164"},{"id":244,"name":"Product 244"},{"id":684,"name":"Product 684"},{"id":1388,"name":"Product 1388"},{"id":412,"name":"Product 412"},{"id":970,"name":"Product 970"},{"id":1208,"name":"Product 1208"},{"id":1432,"name":"Product 1432"},{"id":134,"name":"Product 134"},{"id":838,"name":"Product 838"},{"id":458,"name":"Product 458"},{"id":510,"name":"Product 510"},{"id":104,"name":"Product 104"},{"id":272,"name":"Product 272"},{"id":1584,"name":"Product 1584"},{"id":202,"name":"Product 202"},{"id":278,"name":"Product 278"},{"id":868,"name":"Product 868"},{"id":1188,"name":"Product 1188"},{"id":976,"name":"Product 976"},{"id":1034,"name":"Product 1034"},{"id":1568,"name":"Product 1568"},{"id":816,"name":"Product 816"},{"id":1588,"name":"Product 1588"},{"id":718,"name":"Product 718"},{"id":1018,"name":"Product 1018"},{"id":1506,"name":"Product 1506"},{"id":668,"name":"Product 668"},{"id":980,"name":"Product 980"},{"id":1376,"name":"Product 1376"},{"id":568,"name":"Product 568"},{"id":1094,"name":"Product 1094"},{"id":666,"name":"Product 666"},{"id":1458,"name":"Product 1458"},{"id":578,"name":"Product 578"},{"id":584,"name":"Product 584"},{"id":908,"name":"Product 908"},{"id":790,"name":"Product 790"},{"id":1604,"name":"Product 1604"},{"id":594,"name":"Product 594"},{"id":1140,"name":"Product 1140"},{"id":442,"name":"Product 442"},{"id":264,"name":"Product 264"},{"id":1380,"name":"Product 1380"},{"id":1118,"name":"Product 1118"},{"id":1134,"name":"Product 1134"},{"id":1000,"name":"Product 1000"},{"id":328,"name":"Product 328"},{"id":1204,"name":"Product 1204"},{"id":1360,"name":"Product 1360"},{"id":982,"name":"Product 982"},{"id":706,"name":"Product 706"},{"id":570,"name":"Product 570"},{"id":230,"name":"Product 230"},{"id":800,"name":"Product 800"},{"id":802,"name":"Product 802"},{"id":648,"name":"Product 648"},{"id":610,"name":"Product 610"},{"id":792,"name":"Product 792"},{"id":50,"name":"Product 50"},{"id":1334,"name":"Product 1334"},{"id":1082,"name":"Product 1082"},{"id":1628,"name":"Product 1628"},{"id":416,"name":"Product 416"},{"id":154,"name":"Product 154"},{"id":1586,"name":"Product 1586"},{"id":1160,"name":"Product 1160"},{"id":680,"name":"Product 680"},{"id":422,"name":"Product 422"},{"id":1108,"name":"Product 1108"},{"id":596,"name":"Product 596"},{"id":788,"name":"Product 788"},{"id":1180,"name":"Product 1180"},{"id":564,"name":"Product 564"},{"id":1444,"name":"Product 1444"},{"id":1610,"name":"Product 1610"},{"id":724,"name":"Product 724"},{"id":276,"name":"Product 276"},{"id":1648,"name":"Product 1648"},{"id":1536,"name":"Product 1536"},{"id":374,"name":"Product 374"},{"id":1292,"name":"Product 1292"},{"id":1194,"name":"Product 1194"},{"id":1302,"name":"Product 1302"},{"id":1460,"name":"Product 1460"},{"id":1212,"name":"Product 1212"},{"id":1490,"name":"Product 1490"},{"id":880,"name":"Product 880"},{"id":604,"name":"Product 604"},{"id":1544,"name":"Product 1544"},{"id":384,"name":"Product 384"},{"id":522,"name":"Product 522"},{"id":1110,"name":"Product 1110"},{"id":451,"name":"Product 451"},{"id":147,"name":"Product 147"},{"id":667,"name":"Product 667"},{"id":1053,"name":"Product 1053"},{"id":1445,"name":"Product 1445"},{"id":11,"name":"Product 11"},{"id":1661,"name":"Product 1661"},{"id":1325,"name":"Product 1325"},{"id":215,"name":"Product 215"},{"id":291,"name":"Product 291"},{"id":1,"name":"Product 1"},{"id":195,"name":"Product 195"},{"id":931,"name":"Product 931"},{"id":443,"name":"Product 443"},{"id":755,"name":"Product 755"},{"id":1393,"name":"Product 1393"},{"id":1255,"name":"Product 1255"},{"id":1419,"name":"Product 1419"},{"id":21,"name":"Product 21"},{"id":577,"name":"Product 577"},{"id":715,"name":"Product 715"},{"id":403,"name":"Product 403"},{"id":321,"name":"Product 321"},{"id":355,"name":"Product 355"},{"id":967,"name":"Product 967"},{"id":801,"name":"Product 801"},{"id":131,"name":"Product 131"},{"id":815,"name":"Product 815"},{"id":799,"name":"Product 799"},{"id":347,"name":"Product 347"},{"id":637,"name":"Product 637"},{"id":293,"name":"Product 293"},{"id":93,"name":"Product 93"},{"id":489,"name":"Product 489"},{"id":453,"name":"Product 453"},{"id":1165,"name":"Product 1165"},{"id":1029,"name":"Product 1029"},{"id":1677,"name":"Product 1677"},{"id":599,"name":"Product 599"},{"id":1031,"name":"Product 1031"},{"id":855,"name":"Product 855"},{"id":929,"name":"Product 929"},{"id":1377,"name":"Product 1377"},{"id":1005,"name":"Product 1005"},{"id":1099,"name":"Product 1099"},{"id":1075,"name":"Product 1075"},{"id":1363,"name":"Product 1363"},{"id":1505,"name":"Product 1505"},{"id":387,"name":"Product 387"},{"id":1297,"name":"Product 1297"},{"id":1125,"name":"Product 1125"},{"id":1635,"name":"Product 1635"},{"id":375,"name":"Product 375"},{"id":79,"name":"Product 79"},{"id":1049,"name":"Product 1049"},{"id":835,"name":"Product 835"},{"id":1383,"name":"Product 1383"},{"id":127,"name":"Product 127"},{"id":603,"name":"Product 603"},{"id":275,"name":"Product 275"},{"id":1597,"name":"Product 1597"},{"id":541,"name":"Product 541"},{"id":741,"name":"Product 741"},{"id":1399,"name":"Product 1399"},{"id":827,"name":"Product 827"},{"id":919,"name":"Product 919"},{"id":83,"name":"Product 83"},{"id":1017,"name":"Product 1017"},{"id":251,"name":"Product 251"},{"id":1509,"name":"Product 1509"},{"id":9,"name":"Product 9"},{"id":651,"name":"Product 651"},{"id":735,"name":"Product 735"},{"id":1279,"name":"Product 1279"},{"id":1359,"name":"Product 1359"},{"id":1229,"name":"Product 1229"},{"id":423,"name":"Product 423"},{"id":467,"name":"Product 467"},{"id":1567,"name":"Product 1567"},{"id":397,"name":"Product 397"},{"id":1107,"name":"Product 1107"},{"id":631,"name":"Product 631"},{"id":1289,"name":"Product 1289"},{"id":831,"name":"Product 831"},{"id":1225,"name":"Product 1225"},{"id":95,"name":"Product 95"},{"id":379,"name":"Product 379"},{"id":1641,"name":"Product 1641"},{"id":863,"name":"Product 863"},{"id":501,"name":"Product 501"},{"id":959,"name":"Product 959"},{"id":869,"name":"Product 869"},{"id":259,"name":"Product 259"},{"id":1437,"name":"Product 1437"},{"id":759,"name":"Product 759"},{"id":987,"name":"Product 987"},{"id":7,"name":"Product 7"},{"id":961,"name":"Product 961"},{"id":1035,"name":"Product 1035"},{"id":675,"name":"Product 675"},{"id":1405,"name":"Product 1405"},{"id":1319,"name":"Product 1319"},{"id":499,"name":"Product 499"},{"id":695,"name":"Product 695"},{"id":1531,"name":"Product 1531"},{"id":267,"name":"Product 267"},{"id":491,"name":"Product 491"},{"id":327,"name":"Product 327"},{"id":1407,"name":"Product 1407"},{"id":417,"name":"Product 417"},{"id":1373,"name":"Product 1373"},{"id":359,"name":"Product 359"},{"id":685,"name":"Product 685"},{"id":1155,"name":"Product 1155"},{"id":1565,"name":"Product 1565"},{"id":1337,"name":"Product 1337"},{"id":683,"name":"Product 683"},{"id":415,"name":"Product 415"},{"id":1431,"name":"Product 1431"},{"id":791,"name":"Product 791"},{"id":1187,"name":"Product 1187"},{"id":1673,"name":"Product 1673"},{"id":1555,"name":"Product 1555"},{"id":103,"name":"Product 103"},{"id":1149,"name":"Product 1149"},{"id":1065,"name":"Product 1065"},{"id":1013,"name":"Product 1013"},{"id":483,"name":"Product 483"},{"id":269,"name":"Product 269"},{"id":905,"name":"Product 905"},{"id":1157,"name":"Product 1157"},{"id":1605,"name":"Product 1605"},{"id":1175,"name":"Product 1175"},{"id":343,"name":"Product 343"},{"id":1245,"name":"Product 1245"},{"id":1369,"name":"Product 1369"},{"id":601,"name":"Product 601"},{"id":1623,"name":"Product 1623"},{"id":393,"name":"Product 393"},{"id":1235,"name":"Product 1235"},{"id":33,"name":"Product 33"},{"id":1109,"name":"Product 1109"},{"id":23,"name":"Product 23"},{"id":1221,"name":"Product 1221"},{"id":1659,"name":"Product 1659"},{"id":1243,"name":"Product 1243"},{"id":3,"name":"Product 3"},{"id":935,"name":"Product 935"},{"id":123,"name":"Product 123"},{"id":1537,"name":"Product 1537"},{"id":271,"name":"Product 271"},{"id":197,"name":"Product 197"},{"id":177,"name":"Product 177"},{"id":1287,"name":"Product 1287"},{"id":557,"name":"Product 557"},{"id":1321,"name":"Product 1321"},{"id":1347,"name":"Product 1347"},{"id":1481,"name":"Product 1481"},{"id":121,"name":"Product 121"},{"id":1167,"name":"Product 1167"},{"id":1177,"name":"Product 1177"},{"id":1413,"name":"Product 1413"},{"id":923,"name":"Product 923"},{"id":727,"name":"Product 727"},{"id":51,"name":"Product 51"},{"id":973,"name":"Product 973"},{"id":219,"name":"Product 219"},{"id":567,"name":"Product 567"},{"id":285,"name":"Product 285"},{"id":843,"name":"Product 843"},{"id":305,"name":"Product 305"},{"id":421,"name":"Product 421"},{"id":1417,"name":"Product 1417"},{"id":1185,"name":"Product 1185"},{"id":173,"name":"Product 173"},{"id":1181,"name":"Product 1181"},{"id":569,"name":"Product 569"},{"id":671,"name":"Product 671"},{"id":1009,"name":"Product 1009"},{"id":689,"name":"Product 689"},{"id":821,"name":"Product 821"},{"id":629,"name":"Product 629"},{"id":1435,"name":"Product 1435"},{"id":1135,"name":"Product 1135"},{"id":1077,"name":"Product 1077"},{"id":555,"name":"Product 555"},{"id":159,"name":"Product 159"},{"id":1463,"name":"Product 1463"},{"id":663,"name":"Product 663"},{"id":857,"name":"Product 857"},{"id":1257,"name":"Product 1257"},{"id":587,"name":"Product 587"},{"id":1133,"name":"Product 1133"},{"id":965,"name":"Product 965"},{"id":1151,"name":"Product 1151"},{"id":829,"name":"Product 829"},{"id":117,"name":"Product 117"},{"id":27,"name":"Product 27"},{"id":245,"name":"Product 245"},{"id":1205,"name":"Product 1205"},{"id":559,"name":"Product 559"},{"id":249,"name":"Product 249"},{"id":257,"name":"Product 257"},{"id":163,"name":"Product 163"},{"id":1047,"name":"Product 1047"},{"id":1117,"name":"Product 1117"},{"id":1581,"name":"Product 1581"},{"id":751,"name":"Product 751"},{"id":573,"name":"Product 573"},{"id":487,"name":"Product 487"},{"id":733,"name":"Product 733"},{"id":209,"name":"Product 209"},{"id":517,"name":"Product 517"},{"id":1561,"name":"Product 1561"},{"id":1123,"name":"Product 1123"},{"id":1271,"name":"Product 1271"},{"id":39,"name":"Product 39"},{"id":1503,"name":"Product 1503"},{"id":129,"name":"Product 129"},{"id":769,"name":"Product 769"},{"id":1545,"name":"Product 1545"},{"id":71,"name":"Product 71"},{"id":635,"name":"Product 635"},{"id":171,"name":"Product 171"},{"id":729,"name":"Product 729"},{"id":1127,"name":"Product 1127"},{"id":311,"name":"Product 311"},{"id":933,"name":"Product 933"},{"id":399,"name":"Product 399"},{"id":957,"name":"Product 957"},{"id":679,"name":"Product 679"},{"id":1483,"name":"Product 1483"},{"id":1651,"name":"Product 1651"},{"id":1603,"name":"Product 1603"},{"id":543,"name":"Product 543"},{"id":1207,"name":"Product 1207"},{"id":1231,"name":"Product 1231"},{"id":981,"name":"Product 981"},{"id":1027,"name":"Product 1027"},{"id":211,"name":"Product 211"},{"id":977,"name":"Product 977"},{"id":299,"name":"Product 299"},{"id":1609,"name":"Product 1609"},{"id":217,"name":"Product 217"},{"id":539,"name":"Product 539"},{"id":139,"name":"Product 139"},{"id":721,"name":"Product 721"},{"id":509,"name":"Product 509"},{"id":1139,"name":"Product 1139"},{"id":533,"name":"Product 533"},{"id":1003,"name":"Product 1003"},{"id":1015,"name":"Product 1015"},{"id":1307,"name":"Product 1307"},{"id":985,"name":"Product 985"},{"id":59,"name":"Product 59"},{"id":411,"name":"Product 411"},{"id":677,"name":"Product 677"},{"id":1315,"name":"Product 1315"},{"id":1265,"name":"Product 1265"},{"id":1611,"name":"Product 1611"},{"id":1681,"name":"Product 1681"},{"id":897,"name":"Product 897"},{"id":165,"name":"Product 165"},{"id":809,"name":"Product 809"},{"id":1541,"name":"Product 1541"},{"id":1365,"name":"Product 1365"},{"id":841,"name":"Product 841"},{"id":31,"name":"Product 31"},{"id":661,"name":"Product 661"},{"id":1533,"name":"Product 1533"},{"id":1145,"name":"Product 1145"},{"id":647,"name":"Product 647"},{"id":29,"name":"Product 29"},{"id":633,"name":"Product 633"},{"id":1227,"name":"Product 1227"},{"id":591,"name":"Product 591"},{"id":161,"name":"Product 161"},{"id":1033,"name":"Product 1033"},{"id":1573,"name":"Product 1573"},{"id":1011,"name":"Product 1011"},{"id":1101,"name":"Product 1101"},{"id":963,"name":"Product 963"},{"id":313,"name":"Product 313"},{"id":1163,"name":"Product 1163"},{"id":975,"name":"Product 975"},{"id":435,"name":"Product 435"},{"id":1293,"name":"Product 1293"},{"id":1129,"name":"Product 1129"},{"id":519,"name":"Product 519"},{"id":337,"name":"Product 337"},{"id":1529,"name":"Product 1529"},{"id":441,"name":"Product 441"},{"id":699,"name":"Product 699"},{"id":401,"name":"Product 401"},{"id":779,"name":"Product 779"},{"id":1345,"name":"Product 1345"},{"id":585,"name":"Product 585"},{"id":1459,"name":"Product 1459"},{"id":1443,"name":"Product 1443"},{"id":371,"name":"Product 371"},{"id":891,"name":"Product 891"},{"id":1269,"name":"Product 1269"},{"id":479,"name":"Product 479"},{"id":1079,"name":"Product 1079"},{"id":1511,"name":"Product 1511"},{"id":1569,"name":"Product 1569"},{"id":1209,"name":"Product 1209"},{"id":1095,"name":"Product 1095"},{"id":461,"name":"Product 461"},{"id":879,"name":"Product 879"},{"id":575,"name":"Product 575"},{"id":805,"name":"Product 805"},{"id":457,"name":"Product 457"},{"id":1057,"name":"Product 1057"},{"id":615,"name":"Product 615"},{"id":817,"name":"Product 817"},{"id":151,"name":"Product 151"},{"id":767,"name":"Product 767"},{"id":319,"name":"Product 319"},{"id":1253,"name":"Product 1253"},{"id":1371,"name":"Product 1371"},{"id":353,"name":"Product 353"},{"id":1375,"name":"Product 1375"},{"id":65,"name":"Product 65"},{"id":865,"name":"Product 865"},{"id":35,"name":"Product 35"},{"id":913,"name":"Product 913"},{"id":639,"name":"Product 639"},{"id":1473,"name":"Product 1473"},{"id":175,"name":"Product 175"},{"id":497,"name":"Product 497"},{"id":1349,"name":"Product 1349"},{"id":941,"name":"Product 941"},{"id":743,"name":"Product 743"},{"id":1341,"name":"Product 1341"},{"id":1141,"name":"Product 1141"},{"id":969,"name":"Product 969"},{"id":1389,"name":"Product 1389"},{"id":339,"name":"Product 339"},{"id":1197,"name":"Product 1197"},{"id":199,"name":"Product 199"},{"id":1281,"name":"Product 1281"},{"id":145,"name":"Product 145"},{"id":1549,"name":"Product 1549"},{"id":583,"name":"Product 583"},{"id":1461,"name":"Product 1461"},{"id":673,"name":"Product 673"},{"id":253,"name":"Product 253"},{"id":1173,"name":"Product 1173"},{"id":1495,"name":"Product 1495"},{"id":709,"name":"Product 709"},{"id":169,"name":"Product 169"},{"id":1497,"name":"Product 1497"},{"id":25,"name":"Product 25"},{"id":1587,"name":"Product 1587"},{"id":545,"name":"Product 545"},{"id":1153,"name":"Product 1153"},{"id":1189,"name":"Product 1189"},{"id":471,"name":"Product 471"},{"id":627,"name":"Product 627"},{"id":1577,"name":"Product 1577"},{"id":833,"name":"Product 833"},{"id":1019,"name":"Product 1019"},{"id":825,"name":"Product 825"},{"id":1617,"name":"Product 1617"},{"id":1499,"name":"Product 1499"},{"id":1479,"name":"Product 1479"},{"id":871,"name":"Product 871"},{"id":993,"name":"Product 993"},{"id":1381,"name":"Product 1381"},{"id":431,"name":"Product 431"},{"id":391,"name":"Product 391"},{"id":87,"name":"Product 87"},{"id":287,"name":"Product 287"},{"id":5,"name":"Product 5"},{"id":1487,"name":"Product 1487"},{"id":13,"name":"Product 13"},{"id":475,"name":"Product 475"},{"id":1215,"name":"Product 1215"},{"id":455,"name":"Product 455"},{"id":1259,"name":"Product 1259"},{"id":1643,"name":"Product 1643"},{"id":691,"name":"Product 691"},{"id":349,"name":"Product 349"},{"id":607,"name":"Product 607"},{"id":549,"name":"Product 549"},{"id":939,"name":"Product 939"},{"id":75,"name":"Product 75"},{"id":901,"name":"Product 901"},{"id":445,"name":"Product 445"},{"id":1465,"name":"Product 1465"},{"id":45,"name":"Product 45"},{"id":1335,"name":"Product 1335"},{"id":1331,"name":"Product 1331"},{"id":1457,"name":"Product 1457"},{"id":853,"name":"Product 853"},{"id":61,"name":"Product 61"},{"id":747,"name":"Product 747"},{"id":97,"name":"Product 97"},{"id":281,"name":"Product 281"},{"id":753,"name":"Product 753"},{"id":1513,"name":"Product 1513"},{"id":1595,"name":"Product 1595"},{"id":803,"name":"Product 803"},{"id":1285,"name":"Product 1285"},{"id":1521,"name":"Product 1521"},{"id":1301,"name":"Product 1301"},{"id":777,"name":"Product 777"},{"id":1143,"name":"Product 1143"},{"id":1201,"name":"Product 1201"},{"id":1191,"name":"Product 1191"},{"id":493,"name":"Product 493"},{"id":1517,"name":"Product 1517"},{"id":1637,"name":"Product 1637"},{"id":979,"name":"Product 979"},{"id":1137,"name":"Product 1137"},{"id":1663,"name":"Product 1663"},{"id":365,"name":"Product 365"},{"id":1147,"name":"Product 1147"},{"id":893,"name":"Product 893"},{"id":373,"name":"Product 373"},{"id":369,"name":"Product 369"},{"id":795,"name":"Product 795"},{"id":1527,"name":"Product 1527"},{"id":307,"name":"Product 307"},{"id":1645,"name":"Product 1645"},{"id":1355,"name":"Product 1355"},{"id":1523,"name":"Product 1523"},{"id":1501,"name":"Product 1501"},{"id":303,"name":"Product 303"},{"id":1329,"name":"Product 1329"},{"id":1073,"name":"Product 1073"},{"id":201,"name":"Product 201"},{"id":703,"name":"Product 703"},{"id":623,"name":"Product 623"},{"id":17,"name":"Product 17"},{"id":535,"name":"Product 535"},{"id":659,"name":"Product 659"},{"id":861,"name":"Product 861"},{"id":605,"name":"Product 605"},{"id":447,"name":"Product 447"},{"id":1601,"name":"Product 1601"},{"id":1097,"name":"Product 1097"},{"id":781,"name":"Product 781"},{"id":367,"name":"Product 367"},{"id":331,"name":"Product 331"},{"id":77,"name":"Product 77"},{"id":719,"name":"Product 719"},{"id":775,"name":"Product 775"},{"id":1575,"name":"Product 1575"},{"id":283,"name":"Product 283"},{"id":429,"name":"Product 429"},{"id":255,"name":"Product 255"},{"id":1583,"name":"Product 1583"},{"id":1409,"name":"Product 1409"},{"id":1261,"name":"Product 1261"},{"id":1467,"name":"Product 1467"},{"id":621,"name":"Product 621"},{"id":1199,"name":"Product 1199"},{"id":851,"name":"Product 851"},{"id":515,"name":"Product 515"},{"id":1425,"name":"Product 1425"},{"id":731,"name":"Product 731"},{"id":1475,"name":"Product 1475"},{"id":1069,"name":"Product 1069"},{"id":787,"name":"Product 787"},{"id":547,"name":"Product 547"},{"id":1553,"name":"Product 1553"},{"id":701,"name":"Product 701"},{"id":363,"name":"Product 363"},{"id":381,"name":"Product 381"},{"id":1241,"name":"Product 1241"},{"id":1217,"name":"Product 1217"},{"id":81,"name":"Product 81"},{"id":645,"name":"Product 645"},{"id":1311,"name":"Product 1311"},{"id":419,"name":"Product 419"},{"id":1551,"name":"Product 1551"},{"id":345,"name":"Product 345"},{"id":711,"name":"Product 711"},{"id":649,"name":"Product 649"},{"id":427,"name":"Product 427"},{"id":885,"name":"Product 885"},{"id":1579,"name":"Product 1579"},{"id":263,"name":"Product 263"},{"id":1219,"name":"Product 1219"},{"id":1477,"name":"Product 1477"},{"id":1615,"name":"Product 1615"},{"id":1059,"name":"Product 1059"},{"id":1563,"name":"Product 1563"},{"id":505,"name":"Product 505"},{"id":581,"name":"Product 581"},{"id":1025,"name":"Product 1025"},{"id":1195,"name":"Product 1195"},{"id":771,"name":"Product 771"},{"id":1427,"name":"Product 1427"},{"id":1671,"name":"Product 1671"},{"id":1317,"name":"Product 1317"},{"id":849,"name":"Product 849"},{"id":915,"name":"Product 915"},{"id":1055,"name":"Product 1055"},{"id":187,"name":"Product 187"},{"id":1159,"name":"Product 1159"},{"id":553,"name":"Product 553"},{"id":1433,"name":"Product 1433"},{"id":243,"name":"Product 243"},{"id":329,"name":"Product 329"},{"id":847,"name":"Product 847"},{"id":589,"name":"Product 589"},{"id":351,"name":"Product 351"},{"id":1353,"name":"Product 1353"},{"id":73,"name":"Product 73"},{"id":469,"name":"Product 469"},{"id":665,"name":"Product 665"},{"id":507,"name":"Product 507"},{"id":571,"name":"Product 571"},{"id":181,"name":"Product 181"},{"id":237,"name":"Product 237"},{"id":1453,"name":"Product 1453"},{"id":143,"name":"Product 143"},{"id":595,"name":"Product 595"},{"id":1585,"name":"Product 1585"},{"id":579,"name":"Product 579"},{"id":389,"name":"Product 389"},{"id":819,"name":"Product 819"},{"id":1037,"name":"Product 1037"},{"id":439,"name":"Product 439"},{"id":1237,"name":"Product 1237"},{"id":907,"name":"Product 907"},{"id":1379,"name":"Product 1379"},{"id":193,"name":"Product 193"},{"id":265,"name":"Product 265"},{"id":513,"name":"Product 513"},{"id":937,"name":"Product 937"},{"id":707,"name":"Product 707"},{"id":437,"name":"Product 437"},{"id":1171,"name":"Product 1171"},{"id":1515,"name":"Product 1515"},{"id":111,"name":"Product 111"},{"id":527,"name":"Product 527"},{"id":449,"name":"Product 449"},{"id":279,"name":"Product 279"},{"id":89,"name":"Product 89"},{"id":597,"name":"Product 597"},{"id":241,"name":"Product 241"},{"id":1007,"name":"Product 1007"},{"id":481,"name":"Product 481"},{"id":773,"name":"Product 773"},{"id":99,"name":"Product 99"},{"id":1203,"name":"Product 1203"},{"id":277,"name":"Product 277"},{"id":1447,"name":"Product 1447"},{"id":643,"name":"Product 643"},{"id":53,"name":"Product 53"},{"id":737,"name":"Product 737"},{"id":333,"name":"Product 333"},{"id":613,"name":"Product 613"},{"id":845,"name":"Product 845"},{"id":943,"name":"Product 943"},{"id":561,"name":"Product 561"},{"id":763,"name":"Product 763"},{"id":705,"name":"Product 705"},{"id":797,"name":"Product 797"},{"id":1081,"name":"Product 1081"},{"id":1559,"name":"Product 1559"},{"id":135,"name":"Product 135"},{"id":69,"name":"Product 69"},{"id":1233,"name":"Product 1233"},{"id":91,"name":"Product 91"},{"id":785,"name":"Product 785"},{"id":1653,"name":"Product 1653"},{"id":239,"name":"Product 239"},{"id":119,"name":"Product 119"},{"id":189,"name":"Product 189"},{"id":511,"name":"Product 511"},{"id":867,"name":"Product 867"},{"id":757,"name":"Product 757"},{"id":477,"name":"Product 477"},{"id":875,"name":"Product 875"},{"id":1023,"name":"Product 1023"},{"id":1089,"name":"Product 1089"},{"id":1121,"name":"Product 1121"},{"id":883,"name":"Product 883"},{"id":1111,"name":"Product 1111"},{"id":653,"name":"Product 653"},{"id":925,"name":"Product 925"},{"id":1071,"name":"Product 1071"},{"id":531,"name":"Product 531"},{"id":1291,"name":"Product 1291"},{"id":563,"name":"Product 563"},{"id":1343,"name":"Product 1343"},{"id":385,"name":"Product 385"},{"id":911,"name":"Product 911"},{"id":273,"name":"Product 273"},{"id":523,"name":"Product 523"},{"id":999,"name":"Product 999"},{"id":1493,"name":"Product 1493"},{"id":43,"name":"Product 43"},{"id":1607,"name":"Product 1607"},{"id":1385,"name":"Product 1385"},{"id":301,"name":"Product 301"},{"id":921,"name":"Product 921"},{"id":839,"name":"Product 839"},{"id":1131,"name":"Product 1131"},{"id":1657,"name":"Product 1657"},{"id":1183,"name":"Product 1183"},{"id":1063,"name":"Product 1063"},{"id":899,"name":"Product 899"},{"id":1091,"name":"Product 1091"},{"id":1267,"name":"Product 1267"},{"id":1387,"name":"Product 1387"},{"id":1619,"name":"Product 1619"},{"id":995,"name":"Product 995"},{"id":1115,"name":"Product 1115"},{"id":895,"name":"Product 895"},{"id":1043,"name":"Product 1043"},{"id":1367,"name":"Product 1367"},{"id":295,"name":"Product 295"},{"id":335,"name":"Product 335"},{"id":361,"name":"Product 361"},{"id":1303,"name":"Product 1303"},{"id":749,"name":"Product 749"},{"id":357,"name":"Product 357"},{"id":433,"name":"Product 433"},{"id":881,"name":"Product 881"},{"id":19,"name":"Product 19"},{"id":609,"name":"Product 609"},{"id":1277,"name":"Product 1277"},{"id":297,"name":"Product 297"},{"id":723,"name":"Product 723"},{"id":1305,"name":"Product 1305"},{"id":1525,"name":"Product 1525"},{"id":641,"name":"Product 641"},{"id":529,"name":"Product 529"},{"id":1421,"name":"Product 1421"},{"id":1547,"name":"Product 1547"},{"id":1625,"name":"Product 1625"},{"id":1211,"name":"Product 1211"},{"id":1239,"name":"Product 1239"},{"id":473,"name":"Product 473"},{"id":1591,"name":"Product 1591"},{"id":235,"name":"Product 235"},{"id":1415,"name":"Product 1415"},{"id":909,"name":"Product 909"},{"id":1449,"name":"Product 1449"},{"id":1339,"name":"Product 1339"},{"id":1471,"name":"Product 1471"},{"id":37,"name":"Product 37"},{"id":185,"name":"Product 185"},{"id":247,"name":"Product 247"},{"id":63,"name":"Product 63"},{"id":1535,"name":"Product 1535"},{"id":309,"name":"Product 309"},{"id":203,"name":"Product 203"},{"id":859,"name":"Product 859"},{"id":1441,"name":"Product 1441"},{"id":1669,"name":"Product 1669"},{"id":1061,"name":"Product 1061"},{"id":1045,"name":"Product 1045"},{"id":681,"name":"Product 681"},{"id":697,"name":"Product 697"},{"id":945,"name":"Product 945"},{"id":1639,"name":"Product 1639"},{"id":1631,"name":"Product 1631"},{"id":113,"name":"Product 113"},{"id":565,"name":"Product 565"},{"id":1439,"name":"Product 1439"},{"id":525,"name":"Product 525"},{"id":413,"name":"Product 413"},{"id":137,"name":"Product 137"},{"id":229,"name":"Product 229"},{"id":953,"name":"Product 953"},{"id":1357,"name":"Product 1357"},{"id":1519,"name":"Product 1519"},{"id":783,"name":"Product 783"},{"id":231,"name":"Product 231"},{"id":1507,"name":"Product 1507"},{"id":551,"name":"Product 551"},{"id":793,"name":"Product 793"},{"id":191,"name":"Product 191"},{"id":761,"name":"Product 761"},{"id":57,"name":"Product 57"},{"id":149,"name":"Product 149"},{"id":655,"name":"Product 655"},{"id":1629,"name":"Product 1629"},{"id":1295,"name":"Product 1295"},{"id":463,"name":"Product 463"},{"id":1087,"name":"Product 1087"},{"id":997,"name":"Product 997"},{"id":1193,"name":"Product 1193"},{"id":49,"name":"Product 49"},{"id":1085,"name":"Product 1085"},{"id":693,"name":"Product 693"},{"id":1397,"name":"Product 1397"},{"id":109,"name":"Product 109"},{"id":167,"name":"Product 167"},{"id":1679,"name":"Product 1679"},{"id":115,"name":"Product 115"},{"id":15,"name":"Product 15"},{"id":1599,"name":"Product 1599"},{"id":717,"name":"Product 717"},{"id":903,"name":"Product 903"},{"id":1161,"name":"Product 1161"},{"id":1051,"name":"Product 1051"},{"id":1411,"name":"Product 1411"},{"id":823,"name":"Product 823"},{"id":1539,"name":"Product 1539"},{"id":1489,"name":"Product 1489"},{"id":889,"name":"Product 889"},{"id":227,"name":"Product 227"},{"id":813,"name":"Product 813"},{"id":317,"name":"Product 317"},{"id":1469,"name":"Product 1469"},{"id":141,"name":"Product 141"},{"id":1351,"name":"Product 1351"},{"id":1273,"name":"Product 1273"},{"id":223,"name":"Product 223"},{"id":221,"name":"Product 221"},{"id":1113,"name":"Product 1113"},{"id":745,"name":"Product 745"},{"id":1401,"name":"Product 1401"},{"id":917,"name":"Product 917"},{"id":669,"name":"Product 669"},{"id":1247,"name":"Product 1247"},{"id":955,"name":"Product 955"},{"id":1621,"name":"Product 1621"},{"id":1649,"name":"Product 1649"},{"id":101,"name":"Product 101"},{"id":1179,"name":"Product 1179"},{"id":1067,"name":"Product 1067"},{"id":153,"name":"Product 153"},{"id":807,"name":"Product 807"},{"id":593,"name":"Product 593"},{"id":289,"name":"Product 289"},{"id":105,"name":"Product 105"},{"id":1451,"name":"Product 1451"},{"id":125,"name":"Product 125"},{"id":157,"name":"Product 157"},{"id":1665,"name":"Product 1665"},{"id":383,"name":"Product 383"},{"id":1429,"name":"Product 1429"},{"id":625,"name":"Product 625"},{"id":611,"name":"Product 611"},{"id":459,"name":"Product 459"},{"id":1403,"name":"Product 1403"},{"id":1327,"name":"Product 1327"},{"id":1299,"name":"Product 1299"},{"id":495,"name":"Product 495"},{"id":1083,"name":"Product 1083"},{"id":1627,"name":"Product 1627"},{"id":1543,"name":"Product 1543"},{"id":887,"name":"Product 887"},{"id":341,"name":"Product 341"},{"id":1169,"name":"Product 1169"},{"id":725,"name":"Product 725"},{"id":1323,"name":"Product 1323"},{"id":657,"name":"Product 657"},{"id":713,"name":"Product 713"},{"id":41,"name":"Product 41"},{"id":409,"name":"Product 409"},{"id":837,"name":"Product 837"},{"id":1283,"name":"Product 1283"},{"id":971,"name":"Product 971"},{"id":1667,"name":"Product 1667"},{"id":1589,"name":"Product 1589"},{"id":261,"name":"Product 261"},{"id":395,"name":"Product 395"},{"id":1485,"name":"Product 1485"},{"id":1675,"name":"Product 1675"},{"id":1491,"name":"Product 1491"},{"id":1395,"name":"Product 1395"},{"id":947,"name":"Product 947"},{"id":1213,"name":"Product 1213"},{"id":213,"name":"Product 213"},{"id":503,"name":"Product 503"},{"id":617,"name":"Product 617"},{"id":1119,"name":"Product 1119"},{"id":1613,"name":"Product 1613"},{"id":1361,"name":"Product 1361"},{"id":877,"name":"Product 877"},{"id":67,"name":"Product 67"},{"id":1251,"name":"Product 1251"},{"id":1313,"name":"Product 1313"},{"id":1333,"name":"Product 1333"},{"id":1309,"name":"Product 1309"},{"id":85,"name":"Product 85"},{"id":425,"name":"Product 425"},{"id":789,"name":"Product 789"},{"id":811,"name":"Product 811"},{"id":405,"name":"Product 405"},{"id":225,"name":"Product 225"},{"id":1039,"name":"Product 1039"},{"id":1263,"name":"Product 1263"},{"id":619,"name":"Product 619"},{"id":1571,"name":"Product 1571"},{"id":1223,"name":"Product 1223"},{"id":465,"name":"Product 465"},{"id":325,"name":"Product 325"},{"id":323,"name":"Product 323"},{"id":407,"name":"Product 407"},{"id":927,"name":"Product 927"},{"id":55,"name":"Product 55"},{"id":107,"name":"Product 107"},{"id":1021,"name":"Product 1021"},{"id":765,"name":"Product 765"},{"id":1455,"name":"Product 1455"},{"id":1647,"name":"Product 1647"},{"id":179,"name":"Product 179"},{"id":1633,"name":"Product 1633"},{"id":983,"name":"Product 983"},{"id":133,"name":"Product 133"},{"id":205,"name":"Product 205"},{"id":949,"name":"Product 949"},{"id":1275,"name":"Product 1275"},{"id":873,"name":"Product 873"},{"id":951,"name":"Product 951"},{"id":183,"name":"Product 183"},{"id":1041,"name":"Product 1041"},{"id":1593,"name":"Product 1593"},{"id":1655,"name":"Product 1655"},{"id":1391,"name":"Product 1391"},{"id":1423,"name":"Product 1423"},{"id":687,"name":"Product 687"},{"id":1001,"name":"Product 1001"},{"id":47,"name":"Product 47"},{"id":1557,"name":"Product 1557"},{"id":1093,"name":"Product 1093"},{"id":485,"name":"Product 485"},{"id":989,"name":"Product 989"},{"id":1103,"name":"Product 1103"},{"id":207,"name":"Product 207"},{"id":521,"name":"Product 521"},{"id":739,"name":"Product 739"},{"id":233,"name":"Product 233"},{"id":1249,"name":"Product 1249"},{"id":1105,"name":"Product 1105"},{"id":537,"name":"Product 537"},{"id":991,"name":"Product 991"},{"id":377,"name":"Product 377"},{"id":155,"name":"Product 155"},{"id":315,"name":"Product 315"}]